"ID","EMPLOYEEID","FIRSTNAME","LASTNAME","DOB","DOJ","CONTACTNUMBER","MARRIED","SEX","EMPLOYEETYPE","CREATEDATE","UPDATEDATE","STATUS","ERRORDETAILS","EMAILADDRESS",
21,"10","Neha","Jain",1988-02-21 00:00:00,0027-05-21 00:00:00,"9090909090","Yes","Female","New",2021-05-27 12:20:48,2021-05-27 14:49:27,"NEW","","temp@gmail.com",
24,"12","Milky","Gupta",1990-06-14 00:00:00,0027-05-21 00:00:00,"4433221166","Yes","Female","New",2021-05-27 12:22:13,2021-05-27 14:49:27,"NEW","","temp@gmail.com",
25,"13","Priya","Verma",1998-12-21 00:00:00,0027-05-21 00:00:00,"1122334455","Yes","Female","New",2021-05-27 12:23:46,2021-05-27 14:49:27,"NEW","","temp@gmail.com",
26,"15","Sakshi","Rajput",1999-10-11 00:00:00,0027-05-21 00:00:00,"4455667788","Yes","Female","New",2021-05-27 12:26:09,2021-05-27 14:49:27,"NEW","","temp@gmail.com",
27,"16","Ankur","Jain",1998-09-11 00:00:00,0027-05-21 00:00:00,"1122334455","Yes","Male","New",2021-05-27 12:26:09,2021-05-27 14:49:27,"NEW","","temp@gmail.com",
28,"17","Vipin","Aggarwal",1997-08-21 00:00:00,0027-05-21 00:00:00,"1122334455","Yes","Male","New",2021-05-27 12:26:09,2021-05-27 14:49:27,"NEW","","temp@gmail.com",
29,"18","Manoj","Rawat",1988-03-11 00:00:00,0027-05-21 00:00:00,"1122334455","Yes","Male","New",2021-05-27 12:26:09,2021-05-27 14:49:27,"NEW","","temp@gmail.com",
30,"19","Saurabh","Mittal",1976-11-21 00:00:00,0027-05-21 00:00:00,"1122334455","Yes","Male","New",2021-05-27 12:26:09,2021-05-27 14:49:27,"NEW","","temp@gmail.com",
22,"11","Nancy","Jain",1999-04-11 00:00:00,0027-05-21 00:00:00,"0987654321","Yes","Female","New",2021-05-27 12:21:29,2021-05-27 14:49:27,"NEW","","temp@gmail.com",
23,"14","Shilpi","Jain",1992-04-14 00:00:00,0027-05-21 00:00:00,"123456789","Yes","Female","New",2021-05-27 12:21:53,2021-05-27 14:49:27,"NEW","","temp@gmail.com",
31,"20","Raj","Kumar",1999-10-11 00:00:00,0027-05-21 00:00:00,"12654326","Yes","Male","New",2021-05-27 12:28:57,2021-05-27 14:49:27,"NEW","","temp@gmail.com",
32,"21","Lovely","Jain",1988-09-11 00:00:00,0027-05-21 00:00:00,"345678943","Yes","Male","New",2021-05-27 12:28:57,2021-05-27 14:49:27,"NEW","","temp@gmail.com",
33,"22","Ankit","Wadwva",1997-04-21 00:00:00,0027-05-21 00:00:00,"123212345","Yes","Male","New",2021-05-27 12:28:57,2021-05-27 14:49:27,"NEW","","temp@gmail.com",
34,"23","Manoj","Rawat",1988-03-11 00:00:00,0027-05-21 00:00:00,"2352145324","Yes","Male","New",2021-05-27 12:28:57,2021-05-27 14:49:27,"NEW","","temp@gmail.com",
35,"24","Raju","Mittal",1976-11-21 00:00:00,0027-05-21 00:00:00,"0986789523","Yes","Male","New",2021-05-27 12:28:57,2021-05-27 14:49:27,"NEW","","temp@gmail.com",
